nps_in,od_mm,sch_10_mm,sch_20_mm,sch_30_mm,sch_std_mm,sch_40_mm,sch_60_mm,sch_xs_mm,sch_80_mm,sch_100_mm,sch_120_mm,sch_140_mm,sch_160_mm,sch_xxs_mm
1/8,10.3,,,,1.73,1.73,,2.41,2.41,,,,,
1/4,13.7,,,,2.24,2.24,,3.02,3.02,,,,,
3/8,17.1,,,,2.31,2.31,,3.2,3.2,,,,,
1/2,21.3,,,,2.77,2.77,,3.73,3.73,,,,4.75,7.47
3/4,26.7,,,,2.87,2.87,,3.91,3.91,,,,5.56,7.82
1,33.4,,,,3.38,3.38,,4.55,4.55,,,,6.35,9.09
1 1/4,42.2,,,,3.56,3.56,,4.85,4.85,,,,6.35,9.7
1 1/2,48.3,,,,3.68,3.68,,5.08,5.08,,,,7.14,10.2
2,60.3,,,,3.91,3.91,,5.54,5.54,,,,8.74,11.1
2 1/2,73,,,,5.16,5.16,,7.01,7.01,,,,9.52,14
3,88.9,,,,5.49,5.49,,7.62,7.62,,,,11.1,15.2
3 1/2,102,,,,5.74,5.74,,8.08,8.08,,,,,
4,114,,,,6.02,6.02,,8.56,8.56,,11.1,,13.5,17.1
5,141,,,,6.55,6.55,,9.52,9.52,,12.7,,15.9,19
6,168,,,,7.11,7.11,,11,11,,14.3,,18.3,21.9
8,219,,6.35,7.04,8.18,8.18,10.3,12.7,12.7,15.1,18.3,20.6,23,22.2
10,273,,6.35,7.8,9.27,9.27,12.7,12.7,15.1,18.3,21.4,25.4,28.6,25.4
12,324,,6.35,8.38,9.52,10.3,14.3,12.7,17.5,21.4,25.4,28.6,33.3,25.4
14,356,6.35,7.92,9.52,9.52,11.1,15.1,12.7,19,23.8,27.8,31.8,35.7,
16,406,6.35,7.92,9.52,9.52,12.7,16.7,12.7,21.4,26.2,31,36.5,40.5,
18,457,6.35,7.92,11.1,9.52,14.3,19,12.7,23.8,29.4,34.9,39.7,45.2,
20,508,6.35,9.52,12.7,9.52,15.1,20.6,12.7,26.2,32.5,38.1,44.4,50,
22,559,6.35,9.52,12.7,9.52,,22.2,12.7,28.6,34.9,41.3,47.6,54,
24,610,6.35,9.52,14.3,9.52,17.5,24.6,12.7,31,38.9,46,52.4,59.5,
30,762,7.92,12.7,15.9,9.52,,,12.7,,,,,,
32,813,7.92,12.7,15.9,9.52,17.5,,,,,,,,
34,864,7.92,12.7,15.9,9.52,17.5,,,,,,,,
36,914,7.92,12.7,15.9,9.52,19,,,,,,,,
42,1067,,12.7,15.9,9.52,19,,,,,,,,
